{
  "resourceType" : "ValueSet",
  "id" : "method-glucose-vs",
  "text" : {
    "status" : "generated",
    "div" : "<div xmlns=\"http://www.w3.org/1999/xhtml\"><p class=\"res-header-id\"><b>Generated Narrative: ValueSet method-glucose-vs</b></p><a name=\"method-glucose-vs\"> </a><a name=\"hcmethod-glucose-vs\"> </a><a name=\"method-glucose-vs-fr-FR\"> </a><p>This value set includes codes based on the following rules:</p><ul><li>Include all codes defined in <a href=\"https://interop.esante.gouv.fr/ig/nos/1.2.0/CodeSystem-TRE-R312-LPP.html\"><code>https://mos.esante.gouv.fr/NOS/TRE_R312-LPP/FHIR/TRE-R312-LPP</code></a></li><li>Include all codes defined in <a href=\"https://interop.esante.gouv.fr/ig/nos/1.2.0/CodeSystem-TRE-R307-NCIT.html\"><code>https://mos.esante.gouv.fr/NOS/TRE_R307-NCIT/FHIR/TRE-R307-NCIT</code></a></li></ul></div>"
  },
  "url" : "https://interop.esante.gouv.fr/ig/fhir/mesures/ValueSet/method-glucose-vs",
  "version" : "3.1.0",
  "name" : "MethodeGlucoseVS",
  "title" : "Méthode de mesures de glycémie sanguine ou interstitielle",
  "status" : "active",
  "date" : "2024-11-25T13:00:12+00:00",
  "publisher" : "ANS",
  "contact" : [{
    "name" : "ANS",
    "telecom" : [{
      "system" : "url",
      "value" : "https://esante.gouv.fr"
    }]
  }],
  "description" : "Méthode de mesures de glycémie sanguine ou interstitielle.",
  "jurisdiction" : [{
    "coding" : [{
      "system" : "urn:iso:std:iso:3166",
      "code" : "FR",
      "display" : "FRANCE"
    }]
  }],
  "compose" : {
    "include" : [{
      "system" : "https://mos.esante.gouv.fr/NOS/TRE_R312-LPP/FHIR/TRE-R312-LPP"
    },
    {
      "system" : "https://mos.esante.gouv.fr/NOS/TRE_R307-NCIT/FHIR/TRE-R307-NCIT"
    }]
  }
}