<?xml version="1.0" encoding="UTF-8"?>

<Bundle xmlns="http://hl7.org/fhir">
  <id value="3a8bb88b-b8e1-49ac-be77-84040fa8c534"/>
  <meta>
    <lastUpdated value="2024-09-18T14:11:02.601+00:00"/>
  </meta>
  <type value="collection"/>
  <entry>
    <fullUrl value="https://interop.esante.gouv.fr/ig/fhir/mesures/ValueSet/method-glucose-vs"/>
    <resource>
      <ValueSet>
        <text>
          <status value="generated"/>
          <div xmlns="http://www.w3.org/1999/xhtml">
            <p class="res-header-id">
              <b>Generated Narrative: ValueSet </b>
            </p>
            <div style="border: black 1px dotted; background-color: #EEEEEE; padding: 8px; margin-bottom: 8px">
              <p>Expansion based on:</p>
              <ul>
                <li>
                  <a href="https://interop.esante.gouv.fr/ig/nos/1.2.0/CodeSystem-TRE-R307-NCIT.html">codesystem TRE_R307-NCIT v1.2.0 (CodeSystem)</a>
                </li>
                <li>
                  <a href="https://interop.esante.gouv.fr/ig/nos/1.2.0/CodeSystem-TRE-R312-LPP.html">codesystem TRE_R312-LPP v1.2.0 (CodeSystem)</a>
                </li>
              </ul>
            </div>
            <p>This value set contains 18 concepts</p>
            <table class="codes">
              <tr>
                <td style="white-space:nowrap">
                  <b>Code</b>
                </td>
                <td>
                  <b>System</b>
                </td>
                <td>
                  <b>Display</b>
                </td>
              </tr>
              <tr>
                <td style="white-space:nowrap">
                  <a name="x-https://mos.esante.gouv.fr/NOS/TRE_R312-LPP/FHIR/TRE-R312-LPP-1101720"> </a>  
                  <a href="https://interop.esante.gouv.fr/ig/nos/1.2.0/CodeSystem-TRE-R312-LPP.html#TRE-R312-LPP-1101720">1101720</a>
                </td>
                <td>https://mos.esante.gouv.fr/NOS/TRE_R312-LPP/FHIR/TRE-R312-LPP</td>
                <td>Lecteur de glycémie</td>
              </tr>
              <tr>
                <td style="white-space:nowrap">
                  <a name="x-https://mos.esante.gouv.fr/NOS/TRE_R307-NCIT/FHIR/TRE-R307-NCIT-C81261"> </a>  
                  <a href="https://interop.esante.gouv.fr/ig/nos/1.2.0/CodeSystem-TRE-R307-NCIT.html#TRE-R307-NCIT-C81261">C81261</a>
                </td>
                <td>https://mos.esante.gouv.fr/NOS/TRE_R307-NCIT/FHIR/TRE-R307-NCIT</td>
                <td>ruban à mesurer</td>
              </tr>
              <tr>
                <td style="white-space:nowrap">
                  <a name="x-https://mos.esante.gouv.fr/NOS/TRE_R307-NCIT/FHIR/TRE-R307-NCIT-C138178"> </a>  
                  <a href="https://interop.esante.gouv.fr/ig/nos/1.2.0/CodeSystem-TRE-R307-NCIT.html#TRE-R307-NCIT-C138178">C138178</a>
                </td>
                <td>https://mos.esante.gouv.fr/NOS/TRE_R307-NCIT/FHIR/TRE-R307-NCIT</td>
                <td>toise</td>
              </tr>
              <tr>
                <td style="white-space:nowrap">
                  <a name="x-https://mos.esante.gouv.fr/NOS/TRE_R307-NCIT/FHIR/TRE-R307-NCIT-C49676"> </a>  
                  <a href="https://interop.esante.gouv.fr/ig/nos/1.2.0/CodeSystem-TRE-R307-NCIT.html#TRE-R307-NCIT-C49676">C49676</a>
                </td>
                <td>https://mos.esante.gouv.fr/NOS/TRE_R307-NCIT/FHIR/TRE-R307-NCIT</td>
                <td>fréquence du pouls</td>
              </tr>
              <tr>
                <td style="white-space:nowrap">
                  <a name="x-https://mos.esante.gouv.fr/NOS/TRE_R307-NCIT/FHIR/TRE-R307-NCIT-C153216"> </a>  
                  <a href="https://interop.esante.gouv.fr/ig/nos/1.2.0/CodeSystem-TRE-R307-NCIT.html#TRE-R307-NCIT-C153216">C153216</a>
                </td>
                <td>https://mos.esante.gouv.fr/NOS/TRE_R307-NCIT/FHIR/TRE-R307-NCIT</td>
                <td>objet connecté</td>
              </tr>
              <tr>
                <td style="white-space:nowrap">
                  <a name="x-https://mos.esante.gouv.fr/NOS/TRE_R307-NCIT/FHIR/TRE-R307-NCIT-C69319"> </a>  
                  <a href="https://interop.esante.gouv.fr/ig/nos/1.2.0/CodeSystem-TRE-R307-NCIT.html#TRE-R307-NCIT-C69319">C69319</a>
                </td>
                <td>https://mos.esante.gouv.fr/NOS/TRE_R307-NCIT/FHIR/TRE-R307-NCIT</td>
                <td>moniteur de pression sanguine oscillométrique (tensiomètre automatique)</td>
              </tr>
              <tr>
                <td style="white-space:nowrap">
                  <a name="x-https://mos.esante.gouv.fr/NOS/TRE_R307-NCIT/FHIR/TRE-R307-NCIT-C69318"> </a>  
                  <a href="https://interop.esante.gouv.fr/ig/nos/1.2.0/CodeSystem-TRE-R307-NCIT.html#TRE-R307-NCIT-C69318">C69318</a>
                </td>
                <td>https://mos.esante.gouv.fr/NOS/TRE_R307-NCIT/FHIR/TRE-R307-NCIT</td>
                <td>moniteur de pression sanguine auscultatoire (tensiomètre manuel)</td>
              </tr>
              <tr>
                <td style="white-space:nowrap">
                  <a name="x-https://mos.esante.gouv.fr/NOS/TRE_R307-NCIT/FHIR/TRE-R307-NCIT-C17610"> </a>  
                  <a href="https://interop.esante.gouv.fr/ig/nos/1.2.0/CodeSystem-TRE-R307-NCIT.html#TRE-R307-NCIT-C17610">C17610</a>
                </td>
                <td>https://mos.esante.gouv.fr/NOS/TRE_R307-NCIT/FHIR/TRE-R307-NCIT</td>
                <td>prélèvement de sang</td>
              </tr>
              <tr>
                <td style="white-space:nowrap">
                  <a name="x-https://mos.esante.gouv.fr/NOS/TRE_R307-NCIT/FHIR/TRE-R307-NCIT-C159776"> </a>  
                  <a href="https://interop.esante.gouv.fr/ig/nos/1.2.0/CodeSystem-TRE-R307-NCIT.html#TRE-R307-NCIT-C159776">C159776</a>
                </td>
                <td>https://mos.esante.gouv.fr/NOS/TRE_R307-NCIT/FHIR/TRE-R307-NCIT</td>
                <td>système de surveillance continue du glucose</td>
              </tr>
              <tr>
                <td style="white-space:nowrap">
                  <a name="x-https://mos.esante.gouv.fr/NOS/TRE_R307-NCIT/FHIR/TRE-R307-NCIT-C88165"> </a>  
                  <a href="https://interop.esante.gouv.fr/ig/nos/1.2.0/CodeSystem-TRE-R307-NCIT.html#TRE-R307-NCIT-C88165">C88165</a>
                </td>
                <td>https://mos.esante.gouv.fr/NOS/TRE_R307-NCIT/FHIR/TRE-R307-NCIT</td>
                <td>podomètre</td>
              </tr>
              <tr>
                <td style="white-space:nowrap">
                  <a name="x-https://mos.esante.gouv.fr/NOS/TRE_R307-NCIT/FHIR/TRE-R307-NCIT-C156877"> </a>  
                  <a href="https://interop.esante.gouv.fr/ig/nos/1.2.0/CodeSystem-TRE-R307-NCIT.html#TRE-R307-NCIT-C156877">C156877</a>
                </td>
                <td>https://mos.esante.gouv.fr/NOS/TRE_R307-NCIT/FHIR/TRE-R307-NCIT</td>
                <td>application pour smartphone</td>
              </tr>
              <tr>
                <td style="white-space:nowrap">
                  <a name="x-https://mos.esante.gouv.fr/NOS/TRE_R307-NCIT/FHIR/TRE-R307-NCIT-C21082"> </a>  
                  <a href="https://interop.esante.gouv.fr/ig/nos/1.2.0/CodeSystem-TRE-R307-NCIT.html#TRE-R307-NCIT-C21082">C21082</a>
                </td>
                <td>https://mos.esante.gouv.fr/NOS/TRE_R307-NCIT/FHIR/TRE-R307-NCIT</td>
                <td>échelle numérique de la douleur</td>
              </tr>
              <tr>
                <td style="white-space:nowrap">
                  <a name="x-https://mos.esante.gouv.fr/NOS/TRE_R307-NCIT/FHIR/TRE-R307-NCIT-C121547"> </a>  
                  <a href="https://interop.esante.gouv.fr/ig/nos/1.2.0/CodeSystem-TRE-R307-NCIT.html#TRE-R307-NCIT-C121547">C121547</a>
                </td>
                <td>https://mos.esante.gouv.fr/NOS/TRE_R307-NCIT/FHIR/TRE-R307-NCIT</td>
                <td>échelle visuelle analogique</td>
              </tr>
              <tr>
                <td style="white-space:nowrap">
                  <a name="x-https://mos.esante.gouv.fr/NOS/TRE_R307-NCIT/FHIR/TRE-R307-NCIT-C21133"> </a>  
                  <a href="https://interop.esante.gouv.fr/ig/nos/1.2.0/CodeSystem-TRE-R307-NCIT.html#TRE-R307-NCIT-C21133">C21133</a>
                </td>
                <td>https://mos.esante.gouv.fr/NOS/TRE_R307-NCIT/FHIR/TRE-R307-NCIT</td>
                <td>échelle d'évaluation verbale</td>
              </tr>
              <tr>
                <td style="white-space:nowrap">
                  <a name="x-https://mos.esante.gouv.fr/NOS/TRE_R307-NCIT/FHIR/TRE-R307-NCIT-C25228"> </a>  
                  <a href="https://interop.esante.gouv.fr/ig/nos/1.2.0/CodeSystem-TRE-R307-NCIT.html#TRE-R307-NCIT-C25228">C25228</a>
                </td>
                <td>https://mos.esante.gouv.fr/NOS/TRE_R307-NCIT/FHIR/TRE-R307-NCIT</td>
                <td>Droit</td>
              </tr>
              <tr>
                <td style="white-space:nowrap">
                  <a name="x-https://mos.esante.gouv.fr/NOS/TRE_R307-NCIT/FHIR/TRE-R307-NCIT-C25229"> </a>  
                  <a href="https://interop.esante.gouv.fr/ig/nos/1.2.0/CodeSystem-TRE-R307-NCIT.html#TRE-R307-NCIT-C25229">C25229</a>
                </td>
                <td>https://mos.esante.gouv.fr/NOS/TRE_R307-NCIT/FHIR/TRE-R307-NCIT</td>
                <td>Gauche</td>
              </tr>
              <tr>
                <td style="white-space:nowrap">
                  <a name="x-https://mos.esante.gouv.fr/NOS/TRE_R307-NCIT/FHIR/TRE-R307-NCIT-C13332"> </a>  
                  <a href="https://interop.esante.gouv.fr/ig/nos/1.2.0/CodeSystem-TRE-R307-NCIT.html#TRE-R307-NCIT-C13332">C13332</a>
                </td>
                <td>https://mos.esante.gouv.fr/NOS/TRE_R307-NCIT/FHIR/TRE-R307-NCIT</td>
                <td>Bilatéral</td>
              </tr>
              <tr>
                <td style="white-space:nowrap">
                  <a name="x-https://mos.esante.gouv.fr/NOS/TRE_R307-NCIT/FHIR/TRE-R307-NCIT-MED-969"> </a>  
                  <a href="https://interop.esante.gouv.fr/ig/nos/1.2.0/CodeSystem-TRE-R307-NCIT.html#TRE-R307-NCIT-MED-969">MED-969</a>
                </td>
                <td>https://mos.esante.gouv.fr/NOS/TRE_R307-NCIT/FHIR/TRE-R307-NCIT</td>
                <td>Glucose interstitiel</td>
              </tr>
            </table>
          </div>
        </text>
        <url value="https://interop.esante.gouv.fr/ig/fhir/mesures/ValueSet/method-glucose-vs"/>
        <version value="3.1.0-ballot"/>
        <name value="MethodeGlucoseVS"/>
        <title value="Méthode de mesures de glycémie sanguine ou interstitielle"/>
        <status value="active"/>
        <date value="2024-09-18T14:11:02+00:00"/>
        <jurisdiction>
          <coding>
            <system value="urn:iso:std:iso:3166"/>
            <code value="FR"/>
            <display value="FRANCE"/>
          </coding>
        </jurisdiction>
        <expansion>
          <identifier value="urn:uuid:ab1f21b0-e1b4-489a-8bdd-456638fe974a"/>
          <timestamp value="2024-09-18T14:11:54+00:00"/>
          <total value="18"/>
          <offset value="0"/>
          <parameter>
            <name value="count"/>
            <valueInteger value="1000"/>
          </parameter>
          <parameter>
            <name value="offset"/>
            <valueInteger value="0"/>
          </parameter>
          <parameter>
            <name value="excludeNested"/>
            <valueBoolean value="false"/>
          </parameter>
          <parameter>
            <name value="used-codesystem"/>
            <valueUri value="https://mos.esante.gouv.fr/NOS/TRE_R312-LPP/FHIR/TRE-R312-LPP|1.2.0"/>
          </parameter>
          <parameter>
            <name value="used-codesystem"/>
            <valueUri value="https://mos.esante.gouv.fr/NOS/TRE_R307-NCIT/FHIR/TRE-R307-NCIT|1.2.0"/>
          </parameter>
          <contains>
            <system value="https://mos.esante.gouv.fr/NOS/TRE_R312-LPP/FHIR/TRE-R312-LPP"/>
            <code value="1101720"/>
            <display value="Lecteur de glycémie"/>
          </contains>
          <contains>
            <system value="https://mos.esante.gouv.fr/NOS/TRE_R307-NCIT/FHIR/TRE-R307-NCIT"/>
            <code value="C81261"/>
            <display value="ruban à mesurer"/>
          </contains>
          <contains>
            <system value="https://mos.esante.gouv.fr/NOS/TRE_R307-NCIT/FHIR/TRE-R307-NCIT"/>
            <code value="C138178"/>
            <display value="toise"/>
          </contains>
          <contains>
            <system value="https://mos.esante.gouv.fr/NOS/TRE_R307-NCIT/FHIR/TRE-R307-NCIT"/>
            <code value="C49676"/>
            <display value="fréquence du pouls"/>
          </contains>
          <contains>
            <system value="https://mos.esante.gouv.fr/NOS/TRE_R307-NCIT/FHIR/TRE-R307-NCIT"/>
            <code value="C153216"/>
            <display value="objet connecté"/>
          </contains>
          <contains>
            <system value="https://mos.esante.gouv.fr/NOS/TRE_R307-NCIT/FHIR/TRE-R307-NCIT"/>
            <code value="C69319"/>
            <display value="moniteur de pression sanguine oscillométrique (tensiomètre automatique)"/>
          </contains>
          <contains>
            <system value="https://mos.esante.gouv.fr/NOS/TRE_R307-NCIT/FHIR/TRE-R307-NCIT"/>
            <code value="C69318"/>
            <display value="moniteur de pression sanguine auscultatoire (tensiomètre manuel)"/>
          </contains>
          <contains>
            <system value="https://mos.esante.gouv.fr/NOS/TRE_R307-NCIT/FHIR/TRE-R307-NCIT"/>
            <code value="C17610"/>
            <display value="prélèvement de sang"/>
          </contains>
          <contains>
            <system value="https://mos.esante.gouv.fr/NOS/TRE_R307-NCIT/FHIR/TRE-R307-NCIT"/>
            <code value="C159776"/>
            <display value="système de surveillance continue du glucose"/>
          </contains>
          <contains>
            <system value="https://mos.esante.gouv.fr/NOS/TRE_R307-NCIT/FHIR/TRE-R307-NCIT"/>
            <code value="C88165"/>
            <display value="podomètre"/>
          </contains>
          <contains>
            <system value="https://mos.esante.gouv.fr/NOS/TRE_R307-NCIT/FHIR/TRE-R307-NCIT"/>
            <code value="C156877"/>
            <display value="application pour smartphone"/>
          </contains>
          <contains>
            <system value="https://mos.esante.gouv.fr/NOS/TRE_R307-NCIT/FHIR/TRE-R307-NCIT"/>
            <code value="C21082"/>
            <display value="échelle numérique de la douleur"/>
          </contains>
          <contains>
            <system value="https://mos.esante.gouv.fr/NOS/TRE_R307-NCIT/FHIR/TRE-R307-NCIT"/>
            <code value="C121547"/>
            <display value="échelle visuelle analogique"/>
          </contains>
          <contains>
            <system value="https://mos.esante.gouv.fr/NOS/TRE_R307-NCIT/FHIR/TRE-R307-NCIT"/>
            <code value="C21133"/>
            <display value="échelle d'évaluation verbale"/>
          </contains>
          <contains>
            <system value="https://mos.esante.gouv.fr/NOS/TRE_R307-NCIT/FHIR/TRE-R307-NCIT"/>
            <code value="C25228"/>
            <display value="Droit"/>
          </contains>
          <contains>
            <system value="https://mos.esante.gouv.fr/NOS/TRE_R307-NCIT/FHIR/TRE-R307-NCIT"/>
            <code value="C25229"/>
            <display value="Gauche"/>
          </contains>
          <contains>
            <system value="https://mos.esante.gouv.fr/NOS/TRE_R307-NCIT/FHIR/TRE-R307-NCIT"/>
            <code value="C13332"/>
            <display value="Bilatéral"/>
          </contains>
          <contains>
            <system value="https://mos.esante.gouv.fr/NOS/TRE_R307-NCIT/FHIR/TRE-R307-NCIT"/>
            <code value="MED-969"/>
            <display value="Glucose interstitiel"/>
          </contains>
        </expansion>
      </ValueSet>
    </resource>
  </entry>
</Bundle>