{
  "package": "ans.fhir.fr.mesures",
  "version": "3.1.0-ballot",
  "fhirVersion": "4.0.1",
  "jurisdiction": "FR",
  "extensions": [
    {
      "url": "https://interop.esante.gouv.fr/ig/fhir/mesures/StructureDefinition/mes-body-position-ext",
      "title": "FR Core Observation Body Position Ext Extension",
      "types": [
        "CodeableConcept"
      ]
    },
    {
      "url": "https://interop.esante.gouv.fr/ig/fhir/mesures/StructureDefinition/mes-level-of-exertion",
      "title": "FR Core Observation Level Of Exertion Extension",
      "types": [
        "CodeableConcept"
      ]
    },
    {
      "url": "https://interop.esante.gouv.fr/ig/fhir/mesures/StructureDefinition/mesures-diabetis-type",
      "title": "Type de diabète",
      "types": [
        "CodeableConcept"
      ]
    },
    {
      "url": "https://interop.esante.gouv.fr/ig/fhir/mesures/StructureDefinition/mesures-moment-of-measurement",
      "title": "Moment de la mesure",
      "types": [
        "CodeableConcept",
        "string",
        "Extension",
        "Coding",
        "string",
        "Extension",
        "uri",
        "string",
        "code",
        "string",
        "boolean",
        "string"
      ]
    },
    {
      "url": "https://interop.esante.gouv.fr/ig/fhir/mesures/StructureDefinition/mesures-number-of-days",
      "title": "Nombre de jours",
      "types": [
        "CodeableConcept"
      ]
    },
    {
      "url": "https://interop.esante.gouv.fr/ig/fhir/mesures/StructureDefinition/mesures-reason-for-measurement",
      "title": "Raison de la mesure",
      "types": [
        "string"
      ]
    }
  ],
  "profiles": {
    "Bundle": [
      {
        "url": "https://interop.esante.gouv.fr/ig/fhir/mesures/StructureDefinition/mesures-bundle-flux-alimentation",
        "title": "Bundle d\u0027alimentation"
      }
    ],
    "Observation": [
      {
        "url": "https://interop.esante.gouv.fr/ig/fhir/mesures/StructureDefinition/mesures-fr-observation-bmi",
        "title": "Indice de Masse Corporelle"
      },
      {
        "url": "https://interop.esante.gouv.fr/ig/fhir/mesures/StructureDefinition/mesures-fr-observation-body-temperature",
        "title": "Température"
      },
      {
        "url": "https://interop.esante.gouv.fr/ig/fhir/mesures/StructureDefinition/mesures-fr-observation-body-weight",
        "title": "Poids"
      },
      {
        "url": "https://interop.esante.gouv.fr/ig/fhir/mesures/StructureDefinition/mesures-fr-observation-bodyheight",
        "title": "Taille"
      },
      {
        "url": "https://interop.esante.gouv.fr/ig/fhir/mesures/StructureDefinition/mesures-fr-observation-bp",
        "title": "Pression Artérielle"
      },
      {
        "url": "https://interop.esante.gouv.fr/ig/fhir/mesures/StructureDefinition/mesures-fr-observation-heartrate",
        "title": "Fréquence Cardiaque"
      },
      {
        "url": "https://interop.esante.gouv.fr/ig/fhir/mesures/StructureDefinition/mesures-fr-observation-oxygen-sat",
        "title": "Saturation en Oxygène"
      },
      {
        "url": "https://interop.esante.gouv.fr/ig/fhir/mesures/StructureDefinition/mesures-fr-observation-resp-rate",
        "title": "Fréquence respiratoire"
      },
      {
        "url": "https://interop.esante.gouv.fr/ig/fhir/mesures/StructureDefinition/mesures-observation-glucose",
        "title": "Glycémie"
      },
      {
        "url": "https://interop.esante.gouv.fr/ig/fhir/mesures/StructureDefinition/mesures-observation-head-circumference",
        "title": "Périmètre Crânien"
      },
      {
        "url": "https://interop.esante.gouv.fr/ig/fhir/mesures/StructureDefinition/mesures-observation-pain-severity",
        "title": "Niveau de douleur"
      },
      {
        "url": "https://interop.esante.gouv.fr/ig/fhir/mesures/StructureDefinition/mesures-observation-steps-by-day",
        "title": "Nombre de pas par jour"
      },
      {
        "url": "https://interop.esante.gouv.fr/ig/fhir/mesures/StructureDefinition/mesures-observation-waist-circumference",
        "title": "Tour de taille"
      }
    ]
  },
  "usage": {
    "http://hl7.org/fhir/StructureDefinition/elementdefinition-bestpractice": [
      "StructureDefinition.snapshot.element.constraint"
    ],
    "http://hl7.org/fhir/StructureDefinition/elementdefinition-bestpractice-explanation": [
      "StructureDefinition.snapshot.element.constraint"
    ],
    "http://hl7.org/fhir/StructureDefinition/elementdefinition-bindingName": [
      "StructureDefinition.differential.element.binding",
      "StructureDefinition.snapshot.element.binding"
    ],
    "http://hl7.org/fhir/StructureDefinition/elementdefinition-maxValueSet": [
      "StructureDefinition.snapshot.element.binding"
    ],
    "http://hl7.org/fhir/StructureDefinition/elementdefinition-translatable": [
      "StructureDefinition.snapshot.element"
    ],
    "http://hl7.org/fhir/StructureDefinition/structuredefinition-display-hint": [
      "StructureDefinition.snapshot.element"
    ],
    "http://hl7.org/fhir/StructureDefinition/structuredefinition-fhir-type": [
      "StructureDefinition.snapshot.element.type"
    ],
    "http://hl7.org/fhir/StructureDefinition/structuredefinition-normative-version": [
      "StructureDefinition.snapshot.element"
    ],
    "http://hl7.org/fhir/StructureDefinition/structuredefinition-standards-status": [
      "StructureDefinition.snapshot.element"
    ],
    "http://hl7.org/fhir/StructureDefinition/workflow-supportingInfo": [
      "Observation"
    ],
    "http://hl7.org/fhir/tools/StructureDefinition/ig-internal-dependency": [
      "ImplementationGuide.definition"
    ],
    "http://hl7.org/fhir/tools/StructureDefinition/ig-page-name": [
      "ImplementationGuide.definition.page",
      "ImplementationGuide.definition.page.page"
    ],
    "http://hl7.org/fhir/tools/StructureDefinition/ig-parameter": [
      "ImplementationGuide.definition"
    ],
    "http://hl7.org/fhir/tools/StructureDefinition/implementationguide-dependency-comment": [
      "ImplementationGuide.dependsOn"
    ],
    "http://hl7.org/fhir/tools/StructureDefinition/resource-information": [
      "ImplementationGuide.definition.resource"
    ],
    "https://hl7.fr/ig/fhir/core/StructureDefinition/fr-core-observation-body-position-ext": [
      "Observation"
    ],
    "https://hl7.fr/ig/fhir/core/StructureDefinition/fr-core-observation-level-of-exertion": [
      "Observation"
    ],
    "https://interop.esante.gouv.fr/ig/fhir/mesures/StructureDefinition/mes-body-position-ext": [
      "Observation"
    ],
    "https://interop.esante.gouv.fr/ig/fhir/mesures/StructureDefinition/mes-level-of-exertion": [
      "Observation"
    ],
    "https://interop.esante.gouv.fr/ig/fhir/mesures/StructureDefinition/mesures-diabetis-type": [
      "Observation"
    ],
    "https://interop.esante.gouv.fr/ig/fhir/mesures/StructureDefinition/mesures-moment-of-measurement": [
      "Observation"
    ],
    "https://interop.esante.gouv.fr/ig/fhir/mesures/StructureDefinition/mesures-number-of-days": [
      "Observation"
    ],
    "https://interop.esante.gouv.fr/ig/fhir/mesures/StructureDefinition/mesures-reason-for-measurement": [
      "Bundle.entry.resource",
      "Observation"
    ]
  }
}